mmsi,vessel_proximity,timestamp
564780000,"[563014650, 565761000]",2023-03-04 17:30:00+00:00
563014650,"[564780000, 565761000]",2023-03-04 17:30:00+00:00
565761000,"[564780000, 563014650]",2023-03-04 17:30:00+00:00
565761000,[564780000],2023-03-04 18:30:00+00:00
564780000,[565761000],2023-03-04 18:30:00+00:00
564780000,[563014650],2023-03-05 07:30:00+00:00
563014650,[564780000],2023-03-05 07:30:00+00:00
563014650,[564780000],2023-03-05 08:30:00+00:00
564780000,[563014650],2023-03-05 08:30:00+00:00
564780000,[563014650],2023-03-05 09:30:00+00:00
563014650,[564780000],2023-03-05 09:30:00+00:00
564780000,[563014650],2023-03-05 10:30:00+00:00
563014650,[564780000],2023-03-05 10:30:00+00:00
564780000,[563014650],2023-03-05 11:30:00+00:00
563014650,[564780000],2023-03-05 11:30:00+00:00
564780000,[563014650],2023-03-05 12:30:00+00:00
563014650,[564780000],2023-03-05 12:30:00+00:00
563078430,"[563014650, 564780000]",2023-03-05 13:30:00+00:00
563014650,"[563078430, 564780000]",2023-03-05 13:30:00+00:00
564780000,"[563078430, 563014650]",2023-03-05 13:30:00+00:00
563014650,"[564780000, 563078430]",2023-03-05 14:30:00+00:00
564780000,"[563014650, 563078430]",2023-03-05 14:30:00+00:00
563078430,"[563014650, 564780000]",2023-03-05 14:30:00+00:00
563014650,"[564780000, 563078430]",2023-03-05 15:30:00+00:00
564780000,"[563014650, 563078430]",2023-03-05 15:30:00+00:00
563078430,"[563014650, 564780000]",2023-03-05 15:30:00+00:00
563014650,"[563078430, 564780000]",2023-03-05 16:30:00+00:00
563078430,"[563014650, 564780000]",2023-03-05 16:30:00+00:00
564780000,"[563014650, 563078430]",2023-03-05 16:30:00+00:00
563078430,"[563014650, 564780000]",2023-03-05 17:30:00+00:00
563014650,"[563078430, 564780000]",2023-03-05 17:30:00+00:00
564780000,"[563078430, 563014650]",2023-03-05 17:30:00+00:00
563014650,"[563078430, 564780000]",2023-03-05 18:30:00+00:00
563078430,"[563014650, 564780000]",2023-03-05 18:30:00+00:00
564780000,"[563014650, 563078430]",2023-03-05 18:30:00+00:00
563014650,[564780000],2023-03-05 19:30:00+00:00
564780000,[563014650],2023-03-05 19:30:00+00:00
563014650,[564654000],2023-03-06 01:30:00+00:00
564654000,[563014650],2023-03-06 01:30:00+00:00
563014650,[564654000],2023-03-06 02:30:00+00:00
564654000,[563014650],2023-03-06 02:30:00+00:00
564654000,[563014650],2023-03-06 03:30:00+00:00
563014650,[564654000],2023-03-06 03:30:00+00:00
563014650,[563078430],2023-03-06 11:30:00+00:00
563078430,[563014650],2023-03-06 11:30:00+00:00
563014650,[563078430],2023-03-06 12:30:00+00:00
563078430,[563014650],2023-03-06 12:30:00+00:00
563078430,[563014650],2023-03-06 13:30:00+00:00
563014650,[563078430],2023-03-06 13:30:00+00:00
563078430,[563014650],2023-03-06 14:30:00+00:00
563014650,[563078430],2023-03-06 14:30:00+00:00
563078430,[563014650],2023-03-06 15:30:00+00:00
563014650,[563078430],2023-03-06 15:30:00+00:00
563014650,[563078430],2023-03-06 16:30:00+00:00
563078430,[563014650],2023-03-06 16:30:00+00:00
565761000,[563014650],2023-03-07 10:30:00+00:00
563014650,[565761000],2023-03-07 10:30:00+00:00
564780000,[563014650],2023-03-08 13:30:00+00:00
563014650,[564780000],2023-03-08 13:30:00+00:00
564780000,[563014650],2023-03-08 14:30:00+00:00
563014650,[564780000],2023-03-08 14:30:00+00:00
565761000,[564780000],2023-03-08 17:30:00+00:00
564780000,[565761000],2023-03-08 17:30:00+00:00
564780000,"[563014650, 565761000]",2023-03-08 18:30:00+00:00
563014650,"[564780000, 565761000]",2023-03-08 18:30:00+00:00
565761000,"[564780000, 563014650]",2023-03-08 18:30:00+00:00
563014650,"[565761000, 564780000]",2023-03-08 19:30:00+00:00
565761000,"[563014650, 564780000]",2023-03-08 19:30:00+00:00
564780000,"[563014650, 565761000]",2023-03-08 19:30:00+00:00
565761000,[563014650],2023-03-08 20:30:00+00:00
563014650,[565761000],2023-03-08 20:30:00+00:00
564780000,"[563014650, 565761000]",2023-03-08 22:30:00+00:00
563014650,"[564780000, 565761000]",2023-03-08 22:30:00+00:00
565761000,"[564780000, 563014650]",2023-03-08 22:30:00+00:00
564780000,[563014650],2023-03-08 23:30:00+00:00
563014650,[564780000],2023-03-08 23:30:00+00:00
564780000,[563014650],2023-03-09 00:30:00+00:00
563014650,[564780000],2023-03-09 00:30:00+00:00
564780000,[563014650],2023-03-09 01:30:00+00:00
563014650,[564780000],2023-03-09 01:30:00+00:00
563014650,[564780000],2023-03-09 02:30:00+00:00
564780000,[563014650],2023-03-09 02:30:00+00:00
564780000,[563014650],2023-03-09 03:30:00+00:00
563014650,[564780000],2023-03-09 03:30:00+00:00
564780000,[563014650],2023-03-09 04:30:00+00:00
563014650,[564780000],2023-03-09 04:30:00+00:00
564780000,[563014650],2023-03-09 05:30:00+00:00
563014650,[564780000],2023-03-09 05:30:00+00:00
563014650,[564780000],2023-03-09 06:30:00+00:00
564780000,[563014650],2023-03-09 06:30:00+00:00
563014650,[564780000],2023-03-09 07:30:00+00:00
564780000,[563014650],2023-03-09 07:30:00+00:00
564780000,[563014650],2023-03-09 08:30:00+00:00
563014650,[564780000],2023-03-09 08:30:00+00:00
564780000,[563014650],2023-03-09 09:30:00+00:00
563014650,[564780000],2023-03-09 09:30:00+00:00
563014650,[564780000],2023-03-09 10:30:00+00:00
564780000,[563014650],2023-03-09 10:30:00+00:00
563014650,[564780000],2023-03-09 11:30:00+00:00
564780000,[563014650],2023-03-09 11:30:00+00:00
563014650,[564780000],2023-03-09 13:30:00+00:00
564780000,[563014650],2023-03-09 13:30:00+00:00
564780000,[563014650],2023-03-09 14:30:00+00:00
563014650,[564780000],2023-03-09 14:30:00+00:00
565761000,[564780000],2023-03-10 16:30:00+00:00
564780000,[565761000],2023-03-10 16:30:00+00:00
564780000,[565761000],2023-03-10 17:30:00+00:00
565761000,[564780000],2023-03-10 17:30:00+00:00
564780000,[565761000],2023-03-10 18:30:00+00:00
565761000,[564780000],2023-03-10 18:30:00+00:00
565761000,[564780000],2023-03-10 19:30:00+00:00
564780000,[565761000],2023-03-10 19:30:00+00:00
565761000,[352002300],2023-03-12 14:30:00+00:00
352002300,[565761000],2023-03-12 14:30:00+00:00
564780000,[563014650],2023-03-12 14:30:00+00:00
563014650,[564780000],2023-03-12 14:30:00+00:00
565761000,[352002300],2023-03-12 15:30:00+00:00
564780000,[563014650],2023-03-12 15:30:00+00:00
563014650,[564780000],2023-03-12 15:30:00+00:00
352002300,[565761000],2023-03-12 15:30:00+00:00
352002300,[565761000],2023-03-12 16:30:00+00:00
565761000,[352002300],2023-03-12 16:30:00+00:00
563014650,[352002300],2023-03-12 21:30:00+00:00
352002300,[563014650],2023-03-12 21:30:00+00:00
563014650,[352002300],2023-03-12 22:30:00+00:00
352002300,[563014650],2023-03-12 22:30:00+00:00
563014650,[352002300],2023-03-12 23:30:00+00:00
352002300,[563014650],2023-03-12 23:30:00+00:00
563078430,"[563014650, 352002300]",2023-03-13 00:30:00+00:00
563014650,"[563078430, 352002300]",2023-03-13 00:30:00+00:00
352002300,"[563078430, 563014650]",2023-03-13 00:30:00+00:00
352002300,[563014650],2023-03-13 01:12:24+00:00
563014650,[352002300],2023-03-13 01:12:24+00:00
563078430,"[563014650, 352002300]",2023-03-13 02:30:00+00:00
563014650,"[563078430, 352002300]",2023-03-13 02:30:00+00:00
352002300,"[563078430, 563014650]",2023-03-13 02:30:00+00:00
563078430,[352002300],2023-03-13 03:30:00+00:00
352002300,[563078430],2023-03-13 03:30:00+00:00
563078430,"[564780000, 352002300]",2023-03-13 05:30:00+00:00
564780000,"[563078430, 352002300]",2023-03-13 05:30:00+00:00
352002300,"[563078430, 564780000]",2023-03-13 05:30:00+00:00
564780000,"[352002300, 563078430]",2023-03-13 06:30:00+00:00
352002300,"[564780000, 563078430]",2023-03-13 06:30:00+00:00
563078430,"[564780000, 352002300]",2023-03-13 06:30:00+00:00
352002300,"[563078430, 564780000]",2023-03-13 07:30:00+00:00
563078430,"[352002300, 564780000]",2023-03-13 07:30:00+00:00
564780000,"[352002300, 563078430]",2023-03-13 07:30:00+00:00
564780000,"[563078430, 352002300]",2023-03-13 08:30:00+00:00
563078430,"[564780000, 352002300]",2023-03-13 08:30:00+00:00
352002300,"[564780000, 563078430]",2023-03-13 08:30:00+00:00
352002300,[564780000],2023-03-13 09:30:00+00:00
564780000,[352002300],2023-03-13 09:30:00+00:00
563078430,[352002300],2023-03-13 10:30:00+00:00
563014650,[565761000],2023-03-13 10:30:00+00:00
565761000,[563014650],2023-03-13 10:30:00+00:00
352002300,[563078430],2023-03-13 10:30:00+00:00
352002300,[563078430],2023-03-13 11:30:00+00:00
563078430,[352002300],2023-03-13 11:30:00+00:00
563078430,[352002300],2023-03-13 12:30:00+00:00
352002300,[563078430],2023-03-13 12:30:00+00:00
352002300,[563078430],2023-03-13 13:30:00+00:00
563078430,[352002300],2023-03-13 13:30:00+00:00
563078430,[352002300],2023-03-13 14:30:00+00:00
352002300,[563078430],2023-03-13 14:30:00+00:00
352002300,[563078430],2023-03-13 15:30:00+00:00
563078430,[352002300],2023-03-13 15:30:00+00:00
563078430,[352002300],2023-03-13 16:30:00+00:00
564780000,[563014650],2023-03-13 16:30:00+00:00
563014650,[564780000],2023-03-13 16:30:00+00:00
352002300,[563078430],2023-03-13 16:30:00+00:00
563014650,[564780000],2023-03-13 17:30:00+00:00
563078430,[352002300],2023-03-13 17:30:00+00:00
564780000,[563014650],2023-03-13 17:30:00+00:00
352002300,[563078430],2023-03-13 17:30:00+00:00
563014650,[564780000],2023-03-13 18:30:00+00:00
352002300,[563078430],2023-03-13 18:30:00+00:00
564780000,[563014650],2023-03-13 18:30:00+00:00
563078430,[352002300],2023-03-13 18:30:00+00:00
563078430,[352002300],2023-03-13 19:30:00+00:00
564780000,[563014650],2023-03-13 19:30:00+00:00
352002300,[563078430],2023-03-13 19:30:00+00:00
563014650,[564780000],2023-03-13 19:30:00+00:00
563014650,[564780000],2023-03-13 20:30:00+00:00
564780000,[563014650],2023-03-13 20:30:00+00:00
352002300,[563078430],2023-03-13 20:30:00+00:00
563078430,[352002300],2023-03-13 20:30:00+00:00
352002300,[563078430],2023-03-13 21:30:00+00:00
563078430,[352002300],2023-03-13 21:30:00+00:00
564780000,[563014650],2023-03-13 21:30:00+00:00
563014650,[564780000],2023-03-13 21:30:00+00:00
563078430,[352002300],2023-03-13 22:30:00+00:00
352002300,[563078430],2023-03-13 22:30:00+00:00
563078430,[352002300],2023-03-14 00:30:00+00:00
352002300,[563078430],2023-03-14 00:30:00+00:00
352656000,[538008064],2023-03-14 03:30:00+00:00
564780000,[563014650],2023-03-14 03:30:00+00:00
563014650,[564780000],2023-03-14 03:30:00+00:00
538008064,[352656000],2023-03-14 03:30:00+00:00
563014650,[564780000],2023-03-14 04:30:00+00:00
538008064,[352656000],2023-03-14 04:30:00+00:00
564780000,[563014650],2023-03-14 04:30:00+00:00
352656000,[538008064],2023-03-14 04:30:00+00:00
352656000,[538008064],2023-03-14 06:30:00+00:00
538008064,[352656000],2023-03-14 06:30:00+00:00
538008064,[352656000],2023-03-14 07:30:00+00:00
352656000,[538008064],2023-03-14 07:30:00+00:00
538008064,[352656000],2023-03-14 09:30:00+00:00
352656000,[538008064],2023-03-14 09:30:00+00:00
538008064,[352656000],2023-03-14 10:30:00+00:00
352656000,[538008064],2023-03-14 10:30:00+00:00
352656000,[538008064],2023-03-14 12:30:00+00:00
538008064,[352656000],2023-03-14 12:30:00+00:00
352656000,[538008064],2023-03-14 13:30:00+00:00
538008064,[352656000],2023-03-14 13:30:00+00:00
538008064,[352656000],2023-03-14 14:30:00+00:00
352656000,[538008064],2023-03-14 14:30:00+00:00
538008064,[352656000],2023-03-14 15:30:00+00:00
352656000,[538008064],2023-03-14 15:30:00+00:00
352656000,[538008064],2023-03-14 16:30:00+00:00
538008064,[352656000],2023-03-14 16:30:00+00:00
218719092,[232345740],2023-03-14 18:30:00+00:00
232345740,[218719092],2023-03-14 18:30:00+00:00
232006548,"[889799564, 875832716]",2023-03-14 20:30:00+00:00
889799564,"[232006548, 875832716]",2023-03-14 20:30:00+00:00
875832716,"[232006548, 889799564]",2023-03-14 20:30:00+00:00
875832716,"[889799564, 232006548, 232345740]",2023-03-14 21:30:00+00:00
889799564,"[875832716, 232006548, 232345740]",2023-03-14 21:30:00+00:00
232006548,"[875832716, 889799564, 232345740]",2023-03-14 21:30:00+00:00
232345740,"[875832716, 889799564, 232006548]",2023-03-14 21:30:00+00:00
232345740,"[232006548, 889799564, 875832716]",2023-03-14 22:30:00+00:00
232006548,"[232345740, 889799564, 875832716]",2023-03-14 22:30:00+00:00
889799564,"[232345740, 232006548, 875832716]",2023-03-14 22:30:00+00:00
875832716,"[232345740, 232006548, 889799564]",2023-03-14 22:30:00+00:00
875832716,"[232345740, 889799564, 232006548]",2023-03-14 23:30:00+00:00
232345740,"[875832716, 889799564, 232006548]",2023-03-14 23:30:00+00:00
889799564,"[875832716, 232345740, 232006548]",2023-03-14 23:30:00+00:00
232006548,"[875832716, 232345740, 889799564]",2023-03-14 23:30:00+00:00
875832716,"[232345740, 232006548, 889799564]",2023-03-15 00:30:00+00:00
232345740,"[875832716, 232006548, 889799564]",2023-03-15 00:30:00+00:00
232006548,"[875832716, 232345740, 889799564]",2023-03-15 00:30:00+00:00
889799564,"[875832716, 232345740, 232006548]",2023-03-15 00:30:00+00:00
875832716,"[232006548, 889799564, 232345740, 218719092]",2023-03-15 01:30:00+00:00
232006548,"[875832716, 889799564, 232345740, 218719092]",2023-03-15 01:30:00+00:00
889799564,"[875832716, 232006548, 232345740, 218719092]",2023-03-15 01:30:00+00:00
232345740,"[875832716, 232006548, 889799564, 218719092]",2023-03-15 01:30:00+00:00
218719092,"[875832716, 232006548, 889799564, 232345740]",2023-03-15 01:30:00+00:00
232006548,"[889799564, 232345740, 218719092, 875832716]",2023-03-15 02:30:00+00:00
889799564,"[232006548, 232345740, 218719092, 875832716]",2023-03-15 02:30:00+00:00
232345740,"[232006548, 889799564, 218719092, 875832716]",2023-03-15 02:30:00+00:00
218719092,"[232006548, 889799564, 232345740, 875832716]",2023-03-15 02:30:00+00:00
875832716,"[232006548, 889799564, 232345740, 218719092]",2023-03-15 02:30:00+00:00
232006548,"[232345740, 875832716, 218719092, 889799564]",2023-03-15 03:30:00+00:00
232345740,"[232006548, 875832716, 218719092, 889799564]",2023-03-15 03:30:00+00:00
875832716,"[232006548, 232345740, 218719092, 889799564]",2023-03-15 03:30:00+00:00
218719092,"[232006548, 232345740, 875832716, 889799564]",2023-03-15 03:30:00+00:00
889799564,"[232006548, 232345740, 875832716, 218719092]",2023-03-15 03:30:00+00:00
218719092,"[232006548, 889799564, 875832716, 232345740]",2023-03-15 04:30:00+00:00
232006548,"[218719092, 889799564, 875832716, 232345740]",2023-03-15 04:30:00+00:00
889799564,"[218719092, 232006548, 875832716, 232345740]",2023-03-15 04:30:00+00:00
875832716,"[218719092, 232006548, 889799564, 232345740]",2023-03-15 04:30:00+00:00
232345740,"[218719092, 232006548, 889799564, 875832716]",2023-03-15 04:30:00+00:00
889799564,"[232006548, 875832716, 232345740, 218719092]",2023-03-15 05:30:00+00:00
232006548,"[889799564, 875832716, 232345740, 218719092]",2023-03-15 05:30:00+00:00
875832716,"[889799564, 232006548, 232345740, 218719092]",2023-03-15 05:30:00+00:00
232345740,"[889799564, 232006548, 875832716, 218719092]",2023-03-15 05:30:00+00:00
218719092,"[889799564, 232006548, 875832716, 232345740]",2023-03-15 05:30:00+00:00
875832716,"[218719092, 232345740, 889799564, 232006548]",2023-03-15 06:30:00+00:00
218719092,"[875832716, 232345740, 889799564, 232006548]",2023-03-15 06:30:00+00:00
232345740,"[875832716, 218719092, 889799564, 232006548]",2023-03-15 06:30:00+00:00
889799564,"[875832716, 218719092, 232345740, 232006548]",2023-03-15 06:30:00+00:00
232006548,"[875832716, 218719092, 232345740, 889799564]",2023-03-15 06:30:00+00:00
889799564,"[218719092, 875832716, 232006548, 232345740]",2023-03-15 07:30:00+00:00
218719092,"[889799564, 875832716, 232006548, 232345740]",2023-03-15 07:30:00+00:00
875832716,"[889799564, 218719092, 232006548, 232345740]",2023-03-15 07:30:00+00:00
232006548,"[889799564, 218719092, 875832716, 232345740]",2023-03-15 07:30:00+00:00
232345740,"[889799564, 218719092, 875832716, 232006548]",2023-03-15 07:30:00+00:00
889799564,"[232345740, 218719092, 232006548, 875832716]",2023-03-15 08:30:00+00:00
232345740,"[889799564, 218719092, 232006548, 875832716]",2023-03-15 08:30:00+00:00
218719092,"[889799564, 232345740, 232006548, 875832716]",2023-03-15 08:30:00+00:00
232006548,"[889799564, 232345740, 218719092, 875832716]",2023-03-15 08:30:00+00:00
875832716,"[889799564, 232345740, 218719092, 232006548]",2023-03-15 08:30:00+00:00
875832716,"[889799564, 232345740, 218719092, 232006548]",2023-03-15 09:30:00+00:00
889799564,"[875832716, 232345740, 218719092, 232006548]",2023-03-15 09:30:00+00:00
232345740,"[875832716, 889799564, 218719092, 232006548]",2023-03-15 09:30:00+00:00
218719092,"[875832716, 889799564, 232345740, 232006548]",2023-03-15 09:30:00+00:00
232006548,"[875832716, 889799564, 232345740, 218719092]",2023-03-15 09:30:00+00:00
875832716,"[232006548, 889799564]",2023-03-15 10:30:00+00:00
232006548,"[875832716, 889799564]",2023-03-15 10:30:00+00:00
889799564,"[875832716, 232006548]",2023-03-15 10:30:00+00:00
875832716,"[232345740, 889799564, 232006548]",2023-03-15 17:30:00+00:00
232345740,"[875832716, 889799564, 232006548]",2023-03-15 17:30:00+00:00
889799564,"[875832716, 232345740, 232006548]",2023-03-15 17:30:00+00:00
232006548,"[875832716, 232345740, 889799564]",2023-03-15 17:30:00+00:00
232345740,[875832716],2023-03-15 19:30:00+00:00
875832716,[232345740],2023-03-15 19:30:00+00:00
232345740,[232006548],2023-03-15 20:30:00+00:00
232006548,[232345740],2023-03-15 20:30:00+00:00
889799564,[232006548],2023-03-15 21:30:00+00:00
232345740,[232006548],2023-03-15 21:30:00+00:00
232006548,"[889799564, 232345740]",2023-03-15 21:30:00+00:00
889799564,"[232006548, 232345740]",2023-03-15 22:30:00+00:00
232006548,"[889799564, 232345740]",2023-03-15 22:30:00+00:00
232345740,"[889799564, 232006548, 875832716]",2023-03-15 22:30:00+00:00
875832716,[232345740],2023-03-15 22:30:00+00:00
232006548,"[232345740, 889799564]",2023-03-15 23:30:00+00:00
232345740,"[232006548, 889799564]",2023-03-15 23:30:00+00:00
889799564,"[232006548, 232345740]",2023-03-15 23:30:00+00:00
232006548,[889799564],2023-03-16 00:30:00+00:00
889799564,[232006548],2023-03-16 00:30:00+00:00
889799564,[232006548],2023-03-16 01:30:00+00:00
232006548,[889799564],2023-03-16 01:30:00+00:00
875832716,"[232006548, 232345740]",2023-03-16 02:30:00+00:00
232006548,"[875832716, 232345740, 889799564]",2023-03-16 02:30:00+00:00
232345740,"[875832716, 232006548, 889799564]",2023-03-16 02:30:00+00:00
889799564,"[232006548, 232345740]",2023-03-16 02:30:00+00:00
875832716,"[889799564, 232006548, 232345740]",2023-03-16 03:30:00+00:00
889799564,"[875832716, 232006548, 232345740]",2023-03-16 03:30:00+00:00
232006548,"[875832716, 889799564, 232345740]",2023-03-16 03:30:00+00:00
232345740,"[875832716, 889799564, 232006548]",2023-03-16 03:30:00+00:00
232006548,"[889799564, 875832716, 232345740]",2023-03-16 04:30:00+00:00
889799564,"[232006548, 875832716]",2023-03-16 04:30:00+00:00
875832716,"[232006548, 889799564, 232345740]",2023-03-16 04:30:00+00:00
232345740,"[232006548, 875832716]",2023-03-16 04:30:00+00:00
232006548,"[889799564, 232345740, 875832716]",2023-03-16 05:30:00+00:00
889799564,"[232006548, 875832716]",2023-03-16 05:30:00+00:00
232345740,"[232006548, 875832716]",2023-03-16 05:30:00+00:00
875832716,"[232006548, 889799564, 232345740]",2023-03-16 05:30:00+00:00
232345740,"[875832716, 232006548]",2023-03-16 06:30:00+00:00
875832716,"[232345740, 232006548]",2023-03-16 06:30:00+00:00
889799564,[232006548],2023-03-16 06:30:00+00:00
232006548,"[232345740, 875832716, 889799564]",2023-03-16 06:30:00+00:00
232006548,"[875832716, 889799564, 232345740]",2023-03-16 07:30:00+00:00
875832716,"[232006548, 232345740]",2023-03-16 07:30:00+00:00
889799564,[232006548],2023-03-16 07:30:00+00:00
232345740,"[232006548, 875832716]",2023-03-16 07:30:00+00:00
563078430,[565761000],2023-03-16 08:30:00+00:00
232006548,"[889799564, 875832716]",2023-03-16 08:30:00+00:00
889799564,[232006548],2023-03-16 08:30:00+00:00
875832716,[232006548],2023-03-16 08:30:00+00:00
565761000,[563078430],2023-03-16 08:30:00+00:00
889799564,"[232006548, 232345740]",2023-03-16 09:30:00+00:00
232006548,"[889799564, 232345740]",2023-03-16 09:30:00+00:00
563078430,[565761000],2023-03-16 09:30:00+00:00
565761000,[563078430],2023-03-16 09:30:00+00:00
232345740,"[889799564, 232006548]",2023-03-16 09:30:00+00:00
875832716,"[232345740, 889799564]",2023-03-16 10:30:00+00:00
232345740,"[875832716, 889799564]",2023-03-16 10:30:00+00:00
889799564,"[875832716, 232345740]",2023-03-16 10:30:00+00:00
232345740,"[875832716, 232006548, 889799564]",2023-03-16 11:30:00+00:00
563078430,[565761000],2023-03-16 11:30:00+00:00
875832716,"[232345740, 232006548, 889799564]",2023-03-16 11:30:00+00:00
232006548,"[232345740, 875832716, 889799564]",2023-03-16 11:30:00+00:00
889799564,"[232345740, 875832716, 232006548]",2023-03-16 11:30:00+00:00
565761000,[563078430],2023-03-16 11:30:00+00:00
232006548,"[889799564, 232345740, 875832716]",2023-03-16 12:30:00+00:00
889799564,"[232006548, 232345740, 875832716]",2023-03-16 12:30:00+00:00
232345740,"[232006548, 889799564, 875832716]",2023-03-16 12:30:00+00:00
875832716,"[232006548, 889799564, 232345740]",2023-03-16 12:30:00+00:00
875832716,"[232345740, 232006548, 889799564]",2023-03-16 13:30:00+00:00
232345740,"[875832716, 232006548, 889799564]",2023-03-16 13:30:00+00:00
232006548,"[875832716, 232345740, 889799564]",2023-03-16 13:30:00+00:00
889799564,"[875832716, 232345740, 232006548]",2023-03-16 13:30:00+00:00
232345740,[232006548],2023-03-16 14:30:00+00:00
232006548,[232345740],2023-03-16 14:30:00+00:00
232345740,[875832716],2023-03-16 15:30:00+00:00
875832716,[232345740],2023-03-16 15:30:00+00:00
563078430,[563014650],2023-03-16 16:30:00+00:00
875832716,"[232006548, 232345740]",2023-03-16 16:30:00+00:00
232006548,"[875832716, 232345740]",2023-03-16 16:30:00+00:00
232345740,"[875832716, 232006548]",2023-03-16 16:30:00+00:00
563014650,[563078430],2023-03-16 16:30:00+00:00
232006548,"[875832716, 232345740]",2023-03-16 17:30:00+00:00
875832716,"[232006548, 232345740]",2023-03-16 17:30:00+00:00
232345740,"[232006548, 875832716]",2023-03-16 17:30:00+00:00
563078430,[563014650],2023-03-16 17:30:00+00:00
563014650,[563078430],2023-03-16 17:30:00+00:00
232345740,"[232006548, 875832716]",2023-03-16 18:30:00+00:00
563078430,[563014650],2023-03-16 18:30:00+00:00
232006548,[232345740],2023-03-16 18:30:00+00:00
563014650,[563078430],2023-03-16 18:30:00+00:00
875832716,[232345740],2023-03-16 18:30:00+00:00
875832716,"[232006548, 232345740]",2023-03-16 19:30:00+00:00
563078430,[563014650],2023-03-16 19:30:00+00:00
232006548,"[875832716, 232345740]",2023-03-16 19:30:00+00:00
563014650,[563078430],2023-03-16 19:30:00+00:00
232345740,"[875832716, 232006548]",2023-03-16 19:30:00+00:00
232006548,"[875832716, 232345740]",2023-03-16 20:30:00+00:00
875832716,"[232006548, 232345740]",2023-03-16 20:30:00+00:00
563014650,[563078430],2023-03-16 20:30:00+00:00
232345740,"[232006548, 875832716]",2023-03-16 20:30:00+00:00
563078430,[563014650],2023-03-16 20:30:00+00:00
232345740,"[875832716, 232006548]",2023-03-16 21:30:00+00:00
875832716,"[232345740, 232006548]",2023-03-16 21:30:00+00:00
232006548,"[232345740, 875832716]",2023-03-16 21:30:00+00:00
232345740,"[875832716, 232006548]",2023-03-16 22:30:00+00:00
875832716,"[232345740, 232006548]",2023-03-16 22:30:00+00:00
232006548,"[232345740, 875832716]",2023-03-16 22:30:00+00:00
232345740,"[232006548, 875832716]",2023-03-16 23:30:00+00:00
232006548,"[232345740, 875832716]",2023-03-16 23:30:00+00:00
875832716,"[232345740, 232006548]",2023-03-16 23:30:00+00:00
232345740,[232006548],2023-03-17 00:30:00+00:00
232006548,[232345740],2023-03-17 00:30:00+00:00
232345740,"[232006548, 875832716]",2023-03-17 01:30:00+00:00
232006548,"[232345740, 875832716]",2023-03-17 01:30:00+00:00
875832716,"[232345740, 232006548]",2023-03-17 01:30:00+00:00
875832716,[232345740],2023-03-17 02:30:00+00:00
232345740,[875832716],2023-03-17 02:30:00+00:00
563014650,[564780000],2023-03-17 03:30:00+00:00
875832716,"[232345740, 232006548]",2023-03-17 03:30:00+00:00
232345740,"[875832716, 232006548]",2023-03-17 03:30:00+00:00
232006548,"[875832716, 232345740]",2023-03-17 03:30:00+00:00
564780000,[563014650],2023-03-17 03:30:00+00:00
232345740,[875832716],2023-03-17 04:30:00+00:00
232006548,[875832716],2023-03-17 04:30:00+00:00
875832716,"[232345740, 232006548]",2023-03-17 04:30:00+00:00
875832716,[232006548],2023-03-17 05:30:00+00:00
232006548,[875832716],2023-03-17 05:30:00+00:00
232006548,[875832716],2023-03-17 06:30:00+00:00
875832716,[232006548],2023-03-17 06:30:00+00:00
232006548,[875832716],2023-03-17 07:30:00+00:00
875832716,[232006548],2023-03-17 07:30:00+00:00
232345740,[875832716],2023-03-17 08:30:00+00:00
875832716,"[232345740, 232006548]",2023-03-17 08:30:00+00:00
232006548,[875832716],2023-03-17 08:30:00+00:00
875832716,"[232006548, 232345740]",2023-03-17 09:30:00+00:00
232006548,"[875832716, 232345740]",2023-03-17 09:30:00+00:00
232345740,"[875832716, 232006548]",2023-03-17 09:30:00+00:00
232345740,"[875832716, 232006548]",2023-03-17 10:30:00+00:00
875832716,"[232345740, 232006548]",2023-03-17 10:30:00+00:00
232006548,"[232345740, 875832716]",2023-03-17 10:30:00+00:00
232006548,"[232345740, 875832716]",2023-03-17 11:30:00+00:00
232345740,"[232006548, 875832716]",2023-03-17 11:30:00+00:00
875832716,"[232006548, 232345740]",2023-03-17 11:30:00+00:00
875832716,"[232006548, 232345740]",2023-03-17 12:30:00+00:00
232006548,"[875832716, 232345740]",2023-03-17 12:30:00+00:00
232345740,"[875832716, 232006548]",2023-03-17 12:30:00+00:00
232345740,"[875832716, 232006548]",2023-03-17 13:30:00+00:00
875832716,"[232345740, 232006548]",2023-03-17 13:30:00+00:00
232006548,"[232345740, 875832716]",2023-03-17 13:30:00+00:00
232345740,"[232006548, 875832716]",2023-03-17 14:30:00+00:00
232006548,"[232345740, 875832716]",2023-03-17 14:30:00+00:00
875832716,"[232345740, 232006548]",2023-03-17 14:30:00+00:00
232006548,"[232345740, 875832716]",2023-03-17 15:30:00+00:00
232345740,"[232006548, 875832716]",2023-03-17 15:30:00+00:00
875832716,"[232006548, 232345740]",2023-03-17 15:30:00+00:00
564780000,[563014650],2023-03-17 16:30:00+00:00
875832716,"[232006548, 232345740]",2023-03-17 16:30:00+00:00
232006548,"[875832716, 232345740]",2023-03-17 16:30:00+00:00
232345740,"[875832716, 232006548]",2023-03-17 16:30:00+00:00
563014650,[564780000],2023-03-17 16:30:00+00:00
564780000,[563014650],2023-03-17 17:30:00+00:00
875832716,[232345740],2023-03-17 17:30:00+00:00
563014650,[564780000],2023-03-17 17:30:00+00:00
232345740,[875832716],2023-03-17 17:30:00+00:00
564780000,[563014650],2023-03-17 18:30:00+00:00
232006548,"[232345740, 875832716]",2023-03-17 18:30:00+00:00
563014650,[564780000],2023-03-17 18:30:00+00:00
232345740,"[232006548, 875832716]",2023-03-17 18:30:00+00:00
875832716,"[232006548, 232345740]",2023-03-17 18:30:00+00:00
232345740,[232006548],2023-03-17 19:30:00+00:00
232006548,[232345740],2023-03-17 19:30:00+00:00
563014650,[564780000],2023-03-17 19:30:00+00:00
564780000,[563014650],2023-03-17 19:30:00+00:00
232006548,[232345740],2023-03-17 20:30:00+00:00
564780000,[563014650],2023-03-17 20:30:00+00:00
232345740,[232006548],2023-03-17 20:30:00+00:00
563014650,[564780000],2023-03-17 20:30:00+00:00
232345740,[232006548],2023-03-17 21:30:00+00:00
232006548,[232345740],2023-03-17 21:30:00+00:00
563014650,[564780000],2023-03-17 21:30:00+00:00
564780000,[563014650],2023-03-17 21:30:00+00:00
232345740,[232006548],2023-03-17 22:30:00+00:00
232006548,[232345740],2023-03-17 22:30:00+00:00
564780000,[563014650],2023-03-17 23:30:00+00:00
232006548,[232345740],2023-03-17 23:30:00+00:00
563014650,[564780000],2023-03-17 23:30:00+00:00
232345740,[232006548],2023-03-17 23:30:00+00:00
564780000,[563014650],2023-03-18 00:30:00+00:00
563014650,[564780000],2023-03-18 00:30:00+00:00
232345740,[232006548],2023-03-18 00:30:00+00:00
232006548,[232345740],2023-03-18 00:30:00+00:00
232345740,[232006548],2023-03-18 01:30:00+00:00
232006548,[232345740],2023-03-18 01:30:00+00:00
564780000,[563014650],2023-03-18 02:30:00+00:00
232006548,[232345740],2023-03-18 02:30:00+00:00
563014650,[564780000],2023-03-18 02:30:00+00:00
232345740,[232006548],2023-03-18 02:30:00+00:00
232345740,[232006548],2023-03-18 03:30:00+00:00
232006548,[232345740],2023-03-18 03:30:00+00:00
232006548,[232345740],2023-03-18 04:30:00+00:00
232345740,[232006548],2023-03-18 04:30:00+00:00
563014650,[564780000],2023-03-18 04:30:00+00:00
564780000,[563014650],2023-03-18 04:30:00+00:00
563014650,[564780000],2023-03-18 05:30:00+00:00
564780000,[563014650],2023-03-18 05:30:00+00:00
232006548,[232345740],2023-03-18 05:30:00+00:00
232345740,[232006548],2023-03-18 05:30:00+00:00
232345740,[232006548],2023-03-18 06:30:00+00:00
564780000,[563014650],2023-03-18 06:30:00+00:00
563014650,[564780000],2023-03-18 06:30:00+00:00
232006548,[232345740],2023-03-18 06:30:00+00:00
232006548,[232345740],2023-03-18 07:30:00+00:00
564780000,[563014650],2023-03-18 07:30:00+00:00
232345740,[232006548],2023-03-18 07:30:00+00:00
563014650,[564780000],2023-03-18 07:30:00+00:00
232006548,[232345740],2023-03-18 08:30:00+00:00
232345740,[232006548],2023-03-18 08:30:00+00:00
564780000,"[563014650, 565761000]",2023-03-18 13:30:00+00:00
563014650,[564780000],2023-03-18 13:30:00+00:00
565761000,[564780000],2023-03-18 13:30:00+00:00
564780000,[565761000],2023-03-18 14:30:00+00:00
565761000,[564780000],2023-03-18 14:30:00+00:00
564780000,[565761000],2023-03-18 15:30:00+00:00
565761000,[564780000],2023-03-18 15:30:00+00:00
564780000,[565761000],2023-03-18 17:30:00+00:00
565761000,[564780000],2023-03-18 17:30:00+00:00
564780000,[565761000],2023-03-18 18:30:00+00:00
565761000,[564780000],2023-03-18 18:30:00+00:00
564780000,[565761000],2023-03-18 19:30:00+00:00
565761000,[564780000],2023-03-18 19:30:00+00:00
565761000,[564780000],2023-03-18 20:30:00+00:00
564780000,[565761000],2023-03-18 20:30:00+00:00
565761000,[564780000],2023-03-18 21:30:00+00:00
564780000,[565761000],2023-03-18 21:30:00+00:00
564780000,[565761000],2023-03-18 22:30:00+00:00
565761000,[564780000],2023-03-18 22:30:00+00:00
565761000,[564780000],2023-03-18 23:30:00+00:00
564780000,[565761000],2023-03-18 23:30:00+00:00
564780000,[565761000],2023-03-19 00:30:00+00:00
565761000,[564780000],2023-03-19 00:30:00+00:00
564780000,[565761000],2023-03-19 01:30:00+00:00
565761000,[564780000],2023-03-19 01:30:00+00:00
565761000,[564780000],2023-03-19 02:30:00+00:00
564780000,[565761000],2023-03-19 02:30:00+00:00
565761000,[564780000],2023-03-19 03:30:00+00:00
564780000,[565761000],2023-03-19 03:30:00+00:00
565761000,[563014650],2023-03-19 08:30:00+00:00
563014650,[565761000],2023-03-19 08:30:00+00:00
565761000,[563014650],2023-03-19 10:30:00+00:00
563014650,[565761000],2023-03-19 10:30:00+00:00
565761000,[563014650],2023-03-19 11:30:00+00:00
563014650,[565761000],2023-03-19 11:30:00+00:00
563014650,[565761000],2023-03-19 12:30:00+00:00
565761000,[563014650],2023-03-19 12:30:00+00:00
565761000,[563014650],2023-03-19 18:30:00+00:00
563014650,[565761000],2023-03-19 18:30:00+00:00
563014650,[564780000],2023-03-20 06:30:00+00:00
564780000,[563014650],2023-03-20 06:30:00+00:00
563014650,[564780000],2023-03-20 07:30:00+00:00
564780000,[563014650],2023-03-20 07:30:00+00:00
564780000,[563014650],2023-03-20 08:30:00+00:00
563014650,[564780000],2023-03-20 08:30:00+00:00
563078430,[565761000],2023-03-20 17:30:00+00:00
565761000,[563078430],2023-03-20 17:30:00+00:00
565761000,[563078430],2023-03-20 18:30:00+00:00
563078430,[565761000],2023-03-20 18:30:00+00:00
565761000,[563078430],2023-03-20 20:30:00+00:00
563078430,[565761000],2023-03-20 20:30:00+00:00
565761000,[563078430],2023-03-20 21:30:00+00:00
563078430,[565761000],2023-03-20 21:30:00+00:00
563078430,[565761000],2023-03-20 22:30:00+00:00
565761000,[563078430],2023-03-20 22:30:00+00:00
563078430,[565761000],2023-03-20 23:30:00+00:00
565761000,[563078430],2023-03-20 23:30:00+00:00
232006548,[875832716],2023-03-21 12:30:00+00:00
875832716,[232006548],2023-03-21 12:30:00+00:00
875832716,"[232006548, 232345740]",2023-03-21 13:30:00+00:00
232006548,"[875832716, 232345740]",2023-03-21 13:30:00+00:00
232345740,"[875832716, 232006548]",2023-03-21 13:30:00+00:00
232006548,"[232345740, 875832716]",2023-03-21 14:30:00+00:00
232345740,"[232006548, 875832716]",2023-03-21 14:30:00+00:00
875832716,"[232006548, 232345740]",2023-03-21 14:30:00+00:00
232345740,"[232006548, 218719092]",2023-03-21 16:30:00+00:00
232006548,[232345740],2023-03-21 16:30:00+00:00
218719092,[232345740],2023-03-21 16:30:00+00:00
232345740,"[232006548, 218719092]",2023-03-21 17:30:00+00:00
232006548,"[232345740, 218719092]",2023-03-21 17:30:00+00:00
218719092,"[232345740, 232006548]",2023-03-21 17:30:00+00:00
218719092,"[232345740, 875832716]",2023-03-21 18:30:00+00:00
232345740,"[218719092, 875832716]",2023-03-21 18:30:00+00:00
875832716,"[218719092, 232345740]",2023-03-21 18:30:00+00:00
218719092,"[232006548, 232345740]",2023-03-21 19:30:00+00:00
232006548,"[218719092, 232345740]",2023-03-21 19:30:00+00:00
232345740,"[218719092, 232006548]",2023-03-21 19:30:00+00:00
232345740,"[218719092, 875832716]",2023-03-21 21:30:00+00:00
218719092,"[232345740, 875832716]",2023-03-21 21:30:00+00:00
564780000,[563014650],2023-03-21 21:30:00+00:00
875832716,"[232345740, 218719092]",2023-03-21 21:30:00+00:00
563014650,[564780000],2023-03-21 21:30:00+00:00
564780000,[563014650],2023-03-21 22:30:00+00:00
232345740,"[218719092, 875832716]",2023-03-21 22:30:00+00:00
218719092,"[232345740, 875832716]",2023-03-21 22:30:00+00:00
875832716,"[232345740, 218719092]",2023-03-21 22:30:00+00:00
563014650,[564780000],2023-03-21 22:30:00+00:00
564780000,[563014650],2023-03-21 23:30:00+00:00
563014650,[564780000],2023-03-21 23:30:00+00:00
232345740,"[218719092, 875832716]",2023-03-21 23:30:00+00:00
218719092,"[232345740, 875832716]",2023-03-21 23:30:00+00:00
875832716,"[232345740, 218719092]",2023-03-21 23:30:00+00:00
875832716,"[218719092, 232345740]",2023-03-22 00:30:00+00:00
218719092,"[875832716, 232345740]",2023-03-22 00:30:00+00:00
563014650,[564780000],2023-03-22 00:30:00+00:00
232345740,"[875832716, 218719092]",2023-03-22 00:30:00+00:00
564780000,[563014650],2023-03-22 00:30:00+00:00
875832716,"[218719092, 232345740]",2023-03-22 01:30:00+00:00
563014650,[564780000],2023-03-22 01:30:00+00:00
218719092,"[875832716, 232345740]",2023-03-22 01:30:00+00:00
232345740,"[875832716, 218719092]",2023-03-22 01:30:00+00:00
564780000,[563014650],2023-03-22 01:30:00+00:00
564780000,[563014650],2023-03-22 02:30:00+00:00
218719092,"[232345740, 875832716]",2023-03-22 02:30:00+00:00
232345740,"[218719092, 875832716]",2023-03-22 02:30:00+00:00
875832716,"[218719092, 232345740]",2023-03-22 02:30:00+00:00
563014650,[564780000],2023-03-22 02:30:00+00:00
218719092,[232345740],2023-03-22 03:30:00+00:00
232345740,[218719092],2023-03-22 03:30:00+00:00
564780000,[563014650],2023-03-22 04:30:00+00:00
875832716,[218719092],2023-03-22 04:30:00+00:00
563014650,[564780000],2023-03-22 04:30:00+00:00
232345740,[218719092],2023-03-22 04:30:00+00:00
218719092,"[875832716, 232345740]",2023-03-22 04:30:00+00:00
875832716,[218719092],2023-03-22 05:30:00+00:00
218719092,"[875832716, 232345740]",2023-03-22 05:30:00+00:00
563014650,[564780000],2023-03-22 05:30:00+00:00
232345740,[218719092],2023-03-22 05:30:00+00:00
564780000,[563014650],2023-03-22 05:30:00+00:00
232006548,[875832716],2023-03-22 06:30:00+00:00
563014650,[564780000],2023-03-22 06:30:00+00:00
218719092,[232345740],2023-03-22 06:30:00+00:00
875832716,[232006548],2023-03-22 06:30:00+00:00
564780000,[563014650],2023-03-22 06:30:00+00:00
232345740,[218719092],2023-03-22 06:30:00+00:00
232006548,[875832716],2023-03-22 07:30:00+00:00
875832716,[232006548],2023-03-22 07:30:00+00:00
232345740,[218719092],2023-03-22 07:30:00+00:00
218719092,[232345740],2023-03-22 07:30:00+00:00
563014650,[564780000],2023-03-22 08:30:00+00:00
218719092,[232345740],2023-03-22 08:30:00+00:00
232345740,[218719092],2023-03-22 08:30:00+00:00
564780000,[563014650],2023-03-22 08:30:00+00:00
232006548,[875832716],2023-03-22 08:30:00+00:00
875832716,[232006548],2023-03-22 08:30:00+00:00
563014650,[564780000],2023-03-22 09:30:00+00:00
875832716,[232006548],2023-03-22 09:30:00+00:00
232345740,[218719092],2023-03-22 09:30:00+00:00
218719092,[232345740],2023-03-22 09:30:00+00:00
564780000,[563014650],2023-03-22 09:30:00+00:00
232006548,[875832716],2023-03-22 09:30:00+00:00
875832716,[232006548],2023-03-22 10:30:00+00:00
563014650,[564780000],2023-03-22 10:30:00+00:00
564780000,[563014650],2023-03-22 10:30:00+00:00
232006548,[875832716],2023-03-22 10:30:00+00:00
875832716,[232006548],2023-03-22 11:30:00+00:00
232006548,[875832716],2023-03-22 11:30:00+00:00
232006548,"[875832716, 218719092]",2023-03-22 12:30:00+00:00
232345740,[218719092],2023-03-22 12:30:00+00:00
875832716,"[232006548, 218719092]",2023-03-22 12:30:00+00:00
218719092,"[232006548, 232345740, 875832716]",2023-03-22 12:30:00+00:00
875832716,"[218719092, 232345740, 232006548]",2023-03-22 13:30:00+00:00
218719092,"[875832716, 232345740, 232006548]",2023-03-22 13:30:00+00:00
232345740,"[875832716, 218719092, 232006548]",2023-03-22 13:30:00+00:00
232006548,"[875832716, 218719092, 232345740]",2023-03-22 13:30:00+00:00
875832716,"[218719092, 232006548]",2023-03-22 14:30:00+00:00
218719092,"[875832716, 232006548]",2023-03-22 14:30:00+00:00
232006548,"[875832716, 218719092]",2023-03-22 14:30:00+00:00
232006548,"[218719092, 232345740]",2023-03-22 15:30:00+00:00
218719092,"[232006548, 232345740]",2023-03-22 15:30:00+00:00
232345740,"[232006548, 218719092]",2023-03-22 15:30:00+00:00
875832716,"[232345740, 218719092]",2023-03-22 16:30:00+00:00
232345740,"[875832716, 218719092]",2023-03-22 16:30:00+00:00
218719092,"[875832716, 232345740]",2023-03-22 16:30:00+00:00
875832716,"[232006548, 218719092]",2023-03-22 17:30:00+00:00
564780000,[563014650],2023-03-22 17:30:00+00:00
232006548,"[875832716, 218719092]",2023-03-22 17:30:00+00:00
563014650,[564780000],2023-03-22 17:30:00+00:00
218719092,"[875832716, 232006548]",2023-03-22 17:30:00+00:00
232006548,"[218719092, 875832716]",2023-03-22 18:30:00+00:00
218719092,"[232006548, 875832716]",2023-03-22 18:30:00+00:00
875832716,"[232006548, 218719092]",2023-03-22 18:30:00+00:00
218719092,"[875832716, 232006548]",2023-03-22 19:30:00+00:00
875832716,"[218719092, 232006548]",2023-03-22 19:30:00+00:00
232006548,"[218719092, 875832716]",2023-03-22 19:30:00+00:00
564780000,[563014650],2023-03-22 19:30:00+00:00
563014650,[564780000],2023-03-22 19:30:00+00:00
232006548,"[218719092, 875832716]",2023-03-22 20:30:00+00:00
563014650,[564780000],2023-03-22 20:30:00+00:00
218719092,"[232006548, 875832716]",2023-03-22 20:30:00+00:00
875832716,"[232006548, 218719092]",2023-03-22 20:30:00+00:00
564780000,[563014650],2023-03-22 20:30:00+00:00
875832716,"[218719092, 232006548]",2023-03-22 21:30:00+00:00
564780000,[563014650],2023-03-22 21:30:00+00:00
563014650,[564780000],2023-03-22 21:30:00+00:00
218719092,"[875832716, 232006548]",2023-03-22 21:30:00+00:00
232006548,"[875832716, 218719092]",2023-03-22 21:30:00+00:00
564780000,[563014650],2023-03-22 22:30:00+00:00
232006548,[875832716],2023-03-22 22:30:00+00:00
563014650,[564780000],2023-03-22 22:30:00+00:00
875832716,[232006548],2023-03-22 22:30:00+00:00
875832716,[232006548],2023-03-22 23:30:00+00:00
232006548,[875832716],2023-03-22 23:30:00+00:00
564780000,[563014650],2023-03-22 23:30:00+00:00
563014650,[564780000],2023-03-22 23:30:00+00:00
564780000,[563014650],2023-03-23 00:30:00+00:00
232006548,[875832716],2023-03-23 00:30:00+00:00
875832716,[232006548],2023-03-23 00:30:00+00:00
563014650,[564780000],2023-03-23 00:30:00+00:00
564780000,[563014650],2023-03-23 01:30:00+00:00
563014650,[564780000],2023-03-23 01:30:00+00:00
563014650,[564780000],2023-03-23 02:30:00+00:00
564780000,[563014650],2023-03-23 02:30:00+00:00
564780000,[563014650],2023-03-23 03:30:00+00:00
563014650,[564780000],2023-03-23 03:30:00+00:00
563014650,[564780000],2023-03-23 04:30:00+00:00
564780000,[563014650],2023-03-23 04:30:00+00:00
563014650,[564780000],2023-03-23 06:30:00+00:00
564780000,[563014650],2023-03-23 06:30:00+00:00
563014650,[564780000],2023-03-23 07:30:00+00:00
564780000,[563014650],2023-03-23 07:30:00+00:00
563078430,[565761000],2023-03-23 07:30:00+00:00
565761000,[563078430],2023-03-23 07:30:00+00:00
563014650,[564780000],2023-03-23 08:30:00+00:00
564780000,[563014650],2023-03-23 08:30:00+00:00
565761000,[563078430],2023-03-23 08:30:00+00:00
563078430,[565761000],2023-03-23 08:30:00+00:00
564780000,[563014650],2023-03-23 09:30:00+00:00
565761000,[563078430],2023-03-23 09:30:00+00:00
563014650,[564780000],2023-03-23 09:30:00+00:00
563078430,[565761000],2023-03-23 09:30:00+00:00
563014650,[564780000],2023-03-23 10:30:00+00:00
564780000,[563014650],2023-03-23 10:30:00+00:00
565761000,[563078430],2023-03-23 10:30:00+00:00
563078430,[565761000],2023-03-23 10:30:00+00:00
563014650,[564780000],2023-03-23 11:30:00+00:00
564780000,[563014650],2023-03-23 11:30:00+00:00
564780000,[563014650],2023-03-23 12:30:00+00:00
563014650,[564780000],2023-03-23 12:30:00+00:00
563014650,[564780000],2023-03-23 13:30:00+00:00
564780000,[563014650],2023-03-23 13:30:00+00:00
564780000,[563014650],2023-03-23 14:30:00+00:00
563014650,[564780000],2023-03-23 14:30:00+00:00
563014650,[564780000],2023-03-23 15:30:00+00:00
564780000,[563014650],2023-03-23 15:30:00+00:00
564780000,[563014650],2023-03-23 16:30:00+00:00
563014650,[564780000],2023-03-23 16:30:00+00:00
563014650,[564780000],2023-03-23 17:30:00+00:00
564780000,[563014650],2023-03-23 17:30:00+00:00
563014650,[564780000],2023-03-23 18:30:00+00:00
564780000,[563014650],2023-03-23 18:30:00+00:00
564780000,[563014650],2023-03-23 19:30:00+00:00
563014650,[564780000],2023-03-23 19:30:00+00:00
564780000,[563014650],2023-03-23 20:30:00+00:00
563014650,[564780000],2023-03-23 20:30:00+00:00
563014650,[564780000],2023-03-23 21:30:00+00:00
564780000,[563014650],2023-03-23 21:30:00+00:00
563014650,[564780000],2023-03-23 22:30:00+00:00
564780000,[563014650],2023-03-23 22:30:00+00:00
563014650,[564780000],2023-03-23 23:30:00+00:00
564780000,[563014650],2023-03-23 23:30:00+00:00
564780000,[563014650],2023-03-24 00:30:00+00:00
563014650,[564780000],2023-03-24 00:30:00+00:00
563014650,[564780000],2023-03-24 01:30:00+00:00
564780000,[563014650],2023-03-24 01:30:00+00:00
